Best Cost, Avg Cost
648658.7542266203,5494646.463986792

